{
  "timestamp": "20260622_120102",
  "questions_evaluated": 8,
  "questions_skipped": 0,
  "eval_k": 10,
  "aggregate": {
    "vector": {
      "recall@5": 0.4,
      "recall@10": 0.49375,
      "mrr": 0.4741071428571429
    },
    "graph": {
      "recall@5": 0.21875,
      "recall@10": 0.24375000000000002,
      "mrr": 0.3541666666666667
    },
    "dual": {
      "recall@5": 0.5625,
      "recall@10": 0.6812499999999999,
      "mrr": 0.7928571428571429
    }
  },
  "per_query": [
    {
      "id": "q01",
      "topic": "self-correcting RAG",
      "regime": "single-method-noisy",
      "gold_count": 5,
      "vector": {
        "recall@5": 0.0,
        "recall@10": 0.0,
        "mrr": 0.0,
        "top_pids": [
          "17175b8310d55494cff278a019b7d648fc2308f2",
          "f64d9f40f003e58a37c5e3705f03d7cace5b1143",
          "1d1beece295703c0cb3e545edaa12a4336b407bc",
          "2a7720c878c20ed21608978e31507ca9d9936d1c",
          "10eca6c07808c5ffec646fac014465677a51d1f8",
          "e9a59f0319cd01cefc651d145990ef012f5b473f",
          "ec9936ca344c640ef76ec551528512355a69cfc1",
          "e4f705958657e3aa7a2ba7c88eeda5a96531073c",
          "a12958761a391db12b0bd80e6121fc9de3b8040a",
          "273c76c05293f1d219fb2c83443ca9901ba3adf4"
        ]
      },
      "graph": {
        "recall@5": 0.6,
        "recall@10": 0.6,
        "mrr": 1.0,
        "top_pids": [
          "ddbd8fe782ac98e9c64dd98710687a962195dd9b",
          "63a1617af179ee8b5b096b3038913a19166168d4",
          "0fa1b06de73d01c2bfcfd16f0f5cbafb7fd1c553",
          "f0d8658f4519b8313a9ffe8836077b5667178947",
          "7c1ee6f39e3d43bbc727d799ac241b60b7acb5a9",
          "a1c283155041ab5295403dac00831f8cfec916cc",
          "9b98f4ebbdeecfa8bcbeac855526919c727c892b",
          "668bb368ae756454c7dc29a59099dac0ba2d313a",
          "46f9f7b8f88f72e12cbdb21e3311f995eb6e65c5",
          "c1799bf28d1ae93e1631be5b59196ee1e568f538"
        ]
      },
      "dual": {
        "recall@5": 0.6,
        "recall@10": 0.6,
        "mrr": 1.0,
        "top_pids": [
          "ddbd8fe782ac98e9c64dd98710687a962195dd9b",
          "63a1617af179ee8b5b096b3038913a19166168d4",
          "0fa1b06de73d01c2bfcfd16f0f5cbafb7fd1c553",
          "f0d8658f4519b8313a9ffe8836077b5667178947",
          "7c1ee6f39e3d43bbc727d799ac241b60b7acb5a9",
          "a1c283155041ab5295403dac00831f8cfec916cc",
          "668bb368ae756454c7dc29a59099dac0ba2d313a",
          "9b98f4ebbdeecfa8bcbeac855526919c727c892b",
          "46f9f7b8f88f72e12cbdb21e3311f995eb6e65c5",
          "c1799bf28d1ae93e1631be5b59196ee1e568f538"
        ]
      }
    },
    {
      "id": "q02",
      "topic": "hallucination detection",
      "regime": "single-method-noisy",
      "gold_count": 5,
      "vector": {
        "recall@5": 0.6,
        "recall@10": 0.6,
        "mrr": 1.0,
        "top_pids": [
          "446c8f9343bc835e677667fbaccb0cfc2badf58b",
          "cfce709a65f90312d2bdc1a6cf0380c19becf694",
          "8646fd4f07ba61614119d6c8a08e7de693369cc6",
          "7e97d91ed622e75bd456b43d8393c7543bcb4bca",
          "630c47372317164fc367153f938903e1d5b76059",
          "740fa1e47c1fb22c364e51e1bd651606cd270fca",
          "0959c3ebecb754adcfff0438de2d4dc40e92a352",
          "f3658afcd181e4078e1e96ff86eac224fd92faab",
          "9de9fa60a786ca23f924f5521326b2a264c22228",
          "1b355516e877d086f9cc847364ded059dc310f47"
        ]
      },
      "graph": {
        "recall@5": 0.0,
        "recall@10": 0.0,
        "mrr": 0.0,
        "top_pids": [
          "46f9f7b8f88f72e12cbdb21e3311f995eb6e65c5",
          "ddbd8fe782ac98e9c64dd98710687a962195dd9b",
          "c1799bf28d1ae93e1631be5b59196ee1e568f538",
          "1fcaafeb72142fe3d1a5d698a072d69778d244b0",
          "eb95c327260725498404eb43ec370d419b8d92c7",
          "eb9c4a07a336e8deefe7b399c550d3af0241238e",
          "f5e9e5bbe22f0263be1f1ce88c66978a2b927772",
          "88884b8806262a4095036041e3567d450dba39f7",
          "ab15463babf98fffc6f683fe2026de0725b5e1a9",
          "28e2ecb4183ebc0eec504b12dddc677f8aef8745"
        ]
      },
      "dual": {
        "recall@5": 0.6,
        "recall@10": 0.6,
        "mrr": 1.0,
        "top_pids": [
          "446c8f9343bc835e677667fbaccb0cfc2badf58b",
          "cfce709a65f90312d2bdc1a6cf0380c19becf694",
          "8646fd4f07ba61614119d6c8a08e7de693369cc6",
          "7e97d91ed622e75bd456b43d8393c7543bcb4bca",
          "630c47372317164fc367153f938903e1d5b76059",
          "740fa1e47c1fb22c364e51e1bd651606cd270fca",
          "0959c3ebecb754adcfff0438de2d4dc40e92a352",
          "f3658afcd181e4078e1e96ff86eac224fd92faab",
          "9de9fa60a786ca23f924f5521326b2a264c22228",
          "1b355516e877d086f9cc847364ded059dc310f47"
        ]
      }
    },
    {
      "id": "q03",
      "topic": "graphrag",
      "regime": "specific-named-entity",
      "gold_count": 4,
      "vector": {
        "recall@5": 0.75,
        "recall@10": 1.0,
        "mrr": 1.0,
        "top_pids": [
          "c1799bf28d1ae93e1631be5b59196ee1e568f538",
          "a3163d92860b6b2bfdc5cb0b62326c676581d9ff",
          "7af1bbb926673e38b731e0bb1880c8c77060d576",
          "40de5fd0c5b9d1fdc890b4b100845b716b676759",
          "1a454582d3b3aaa6c6cd5b2be075958d13423f78",
          "1eb62b01d329b3d25f2176f1f763d5f473f13eef",
          "48f8df1c713c4c40695aaf2ec10b0f3b514443ad",
          "180f7fca8222ab40b9a62f960075eb0a22bfe680",
          "57b47dfb87d2c9a6e10cd7182bc0e767aad1ae45",
          "618d05a6c0d623b16f64ad88dc3706fd28613c94"
        ]
      },
      "graph": {
        "recall@5": 0.25,
        "recall@10": 0.25,
        "mrr": 1.0,
        "top_pids": [
          "c1799bf28d1ae93e1631be5b59196ee1e568f538",
          "9ab45aa875b56335303398e84a59a3756cd9d530",
          "12fb0a058ad69f85a2b59cf7a52a29cbb01d8a0b",
          "9af8bccf3e42996cbb198a6ceccafa2a084689f6",
          "64fed9e0be009f064b72cdcb7d1fadeb28bea3b0",
          "a82a1be7639301ea47ebcb346f6119065b68b3d0",
          "908d45b0d2b88ba72ee501c368eb618d29d61ce0",
          "125a9c020316341bde65ea374f19caf346cfecfa",
          "3ed128b6f0e08294fd9cb413eac96b4319481c67",
          "65e463df197c13befb80cfeb22cf19cc66582c56"
        ]
      },
      "dual": {
        "recall@5": 0.5,
        "recall@10": 0.75,
        "mrr": 1.0,
        "top_pids": [
          "c1799bf28d1ae93e1631be5b59196ee1e568f538",
          "1a454582d3b3aaa6c6cd5b2be075958d13423f78",
          "9ab45aa875b56335303398e84a59a3756cd9d530",
          "908d45b0d2b88ba72ee501c368eb618d29d61ce0",
          "57b47dfb87d2c9a6e10cd7182bc0e767aad1ae45",
          "6586f17b316a65df944e84ddbaf0e3aeab029a75",
          "a3163d92860b6b2bfdc5cb0b62326c676581d9ff",
          "7af1bbb926673e38b731e0bb1880c8c77060d576",
          "40de5fd0c5b9d1fdc890b4b100845b716b676759",
          "1eb62b01d329b3d25f2176f1f763d5f473f13eef"
        ]
      }
    },
    {
      "id": "q04",
      "topic": "legal RAG",
      "regime": "vector-only-no-bridges",
      "gold_count": 5,
      "vector": {
        "recall@5": 0.4,
        "recall@10": 0.4,
        "mrr": 1.0,
        "top_pids": [
          "54db6e6bc034c9b37b72f6a1b1ea003a7e8cbd22",
          "67ef9a54914fd9de194deab6e720ea9109dc46d6",
          "f51e92ce3f63cf04c26374c0ca33a2a751931cf6",
          "5f19d6139a73e4aa6aba1835ed0230c67081f143",
          "3daedc1e0a9db8c4dda7e06724b0b556f64c0752",
          "81b6398fb61cced922b584cbda7bccf6a5ded5d9",
          "1d6d80e00c82fab65adc2428a43ed0e081fd3064",
          "8df192398fd936ea0c162acbbca413b6e959a408",
          "13aeb584872d79d295b6cf811b6da9ef78edf195",
          "9e015a8524261d4c040c10fa773ddbb02a49ee38"
        ]
      },
      "graph": {
        "recall@5": 0.0,
        "recall@10": 0.0,
        "mrr": 0.0,